date,product_name,price
2024-09-07,"Pedaços de Frango Asa, Coxinha da Asa, Sobrecoxa e Peito Congelado com Osso Sadia 1Kg",15.99
2024-09-07,"Picanha Fatiada à Vácuo Carrefour Aprox 1,5 Kg",57.59
2024-09-07,"Filé Mignon à Vácuo Aprox. 2,5 Kg",174.98
2024-09-07,Cordão de Filé Mignon á Vacuo,28.39
2024-09-07,Contra Filé Peça à Vácuo Aprox. 4Kg,119.96
2024-09-07,Coxão Duro em Pedaços Carrefour Aproximadamente 600 g,17.99
2024-09-07,Patinho Bovino Carrefour Aproximadamente 1 kg,39.99
2024-09-07,Paleta e Músculo Reserva 600g,16.14
2024-09-07,Músculo Bovino Carrefour Aproximadamente 1 kg,29.9
2024-09-07,Bife de Fígado Congelado Swift Aproximadamente 700 g,13.28
2024-09-07,"Cupim Bovino Carrefour Aproximadamente 2,5 Kg",83.23
2024-09-07,"Coca-Cola 1,5 Litros 6 Unidades",54.89
2024-09-07,Fraldinha Pedaço Aprox. 700g,24.77
2024-09-07,Fraldinha Selection Aprox. 2 Kg,152.18
2024-09-07,Açúcar Refinado União 1kg,4.39
2024-09-07,Arroz Branco Longo-fino Tipo 1 Camil Todo Dia 5Kg,26.9
2024-09-07,Arroz Branco Prato Fino Tipo 1 - 5kg,34.49
2024-09-07,Filé de Peito de Frango Congelado sem Osso Perdigão 1Kg - Sassami,22.79
2024-09-07,Açúcar Refinado Carrefour 1kg,3.99
2024-09-07,"Suco de Laranja Integral Refrigerado Natural One 100% Suco 1,5 Litros",19.99
2024-09-07,Sabão em Pó Omo Lavagem Perfeita 2.2kg,29.99
2024-09-07,Café Torrado e Moído 3 Corações Tradicional  a Vácuo 500g,18.99
2024-09-07,Salmão Inteiro Fresco Aprox. 4Kg,235.56
2024-09-07,Sal Refinado Carrefour 1Kg,2.39
2024-09-07,Sal Refinado Iodado Branco Lebre 1Kg,2.09
2024-09-07,"Refrigerante Coca-Cola Sem Açúcar 1,5L",8.99
2024-09-07,"Suco de Uva e Maçã Integral Refrigerado Natural One 100% Suco 1,5 Litros",21.99
2024-09-07,Areia Higiênica Carrefour 4kg,39.99
2024-09-07,Salmão Inteiro Congelado Aprox. 2 kg,89.8
2024-09-07,Arroz Branco Longo-fino Tipo 1 Tio João 5 Kg,37.99
2024-09-07,"Maminha Swift Mais Aprox. 1,8Kg",84.56
2024-09-07,"Lagarto Peça à Vácuo Aprox. 3,5Kg",104.96
2024-09-07,"Ossobuco Swift Aproximadamente 1,2 Kg",31.18
2024-09-07,Capa de Filé à Vácuo Aprox. 2 Kg,60.98
2024-09-07,"Lombo Suíno Assa Fácil Swift Aprox. 1,4Kg",44.77
2024-09-07,Picanha Suína Temperada Carrefour Aproximadamente 800 g,23.99
2024-09-07,"Costela Suína Swift Aproximadamente 1,5 Kg",34.47
2024-09-07,Linguiça Calabresa Perdigão 400 g,14.99
2024-09-07,Linguiça Fina De Calabresa Apimentada  Perdigão 400g,22.89
2024-09-07,Bacon Fatiado Defumado Sadia 250g,22.39
2024-09-07,Bacon Sadia Pedaços Aprox 250 g,10.99
2024-09-07,Presunto Cozido Fatiado Soltíssimo Sadia 200 g,12.49
2024-09-07,Salsicha Tradicional Sadia 500g,11.99
2024-09-07,Hambúrguer Bovino Congelado Sadia 12 unidades,20.99
2024-09-07,Empanadíssimo de Frango em Tiras Temperado Congelado Sadia Pacote 400g,23.99
2024-09-07,Filé de Peito de Frango em Bifes Levemente Temperado Sadia Pcte 1kg,26.99
2024-09-07,Bacon Especial Aurora Aprox. 260g,12.21
2024-09-07,Pedaços de Frango Coxinha da Asa Congelada com Osso Sadia 1Kg,16.19
2024-09-07,Nuggets de Frango Sadia 700g,27.99
2024-09-07,Lasanha à Bolonhesa com Molho Vermelho Sadia 600g,20.49
2024-09-07,Coxa de Frango Congelado Sadia 1 Kg,12.99
2024-09-07,Pizza de Calabresa Sadia 460g,14.19
2024-09-07,Nuggets de Frango Tradicional Sadia 300g,12.99
2024-09-07,Hambúrguer Bovino Congelado Sabor Churrasco Sadia 672g com 12 Unidades,20.99
2024-09-07,Filé de Frango Congelado Sadia Marinados 1Kg,25.89
2024-09-07,Brócolis Congelado Sadia Veg & Tal Pacote 300g,6.99
2024-09-07,Lingüiça de Calabresa Defumada Sadia Aprox. 500g,15.44
2024-09-07,Lombo Suíno Assa Fácil Congelado Sadia Aproximadamente 750 g,18.74
2024-09-07,Lombo de Bacalhau sem Espinha Swift 1Kg,120.98
2024-09-07,Lombo Fatiado Especial em Cortes Resfriado Carrefour Aprox. 750g,20.99
2024-09-07,Lombo Canadense Ceratti Aprox. 120g,6.53
2024-09-07,Lombo Defumado Fatiado Aurora Aproximadamente 120 g,6.47
2024-09-07,Lombo De Pirarucu Swift 300 g,24.98
2024-09-07,Lombo Suíno Levissimo Seara Aprox. 200 g,7.65
2024-09-07,Lombo Cozido Defumado Apimentado Prieto Aprox. 120 g,9.32
2024-09-07,G Tadalafila 5Mg 30C Omp Ems,16.9
2024-09-07,G Nimesulida 100Mg 1 2Comp Ems,10.69
2024-09-07,G Losartana 50Mg 30C Omp Med,7.9
2024-09-07,Tiras Reagentes para Medição de Glicose G-Tech Lite com 50 Unidades,49.9
2024-09-07,G Tadalafila 20Mg 4C Omp Ems,14.9
2024-09-07,Pedaços de Coxinha da Asa de Frango Congelado Seara 1Kg,17.39
2024-09-07,Linguiça Toscana Swift Fina 500 g,18.98
2024-09-07,Leite Integral Piracanjuba 1 Litro,4.49
2024-09-07,Kit Leite Integral Piracanjuba 1 Litro 6 Unidades,37.39
2024-09-07,Leite Desnatado Piracanjuba 1 Litro,4.49
2024-09-07,Leite Semidesnatado Piracanjuba 1 Litro,4.49
2024-09-07,Leite Em Pó Ninho Integral Lata 380g,20.9
2024-09-07,Kit Leite em Pó Ninho Integral Lata 380g 4 Unidades,91.29
2024-09-07,Manteiga com Sal Président Tablete 200g,12.49
2024-09-07,Manteiga sem Sal Président Tablete 200g,12.49
2024-09-07,Queijo Parmesao President 180g,28.79
2024-09-07,Queijo Parmesão Cilindro Président 180g,28.09
2024-09-07,Queijo Parmesão Président Aprox. 180g,26.99
2024-09-07,Queijo Parmesão Ralado Président 100g,16.59
2024-09-07,Queijo Parmesão Fracionado Tania Aproximadamente 200 g,18.59
2024-09-07,Queijo Provolone Defumado Fracionado Président Aprox 200g,20.61
2024-09-07,Queijo Muçarela Fatiado President 150g,11.59
2024-09-07,Queijo Parmesão Ralado Président 50g,9.39
2024-09-07,Queijo Gruyere President 160g,27.49
2024-09-07,Queijo Gouda Président 185g,27.49
2024-09-07,Queijo Mussarela Bolinha Búfala Almeida Prado 395 g,29.39
2024-09-07,Queijo Ralado Quatro Queijos Président 100 g,18.49
2024-09-07,Queijo Brie Président Petit 125 g,38.49
2024-09-07,Queijo Estepe President 160g,27.49
2024-09-07,Queijo Mussarela Bolinha de Búfala Almeida Prado 250 g,40.89
2024-09-07,Queijo Maasdam Président 160g,27.49
2024-09-07,Queijo Camembert Peça President 125g,38.49
2024-09-07,Queijo Gorgonzola Igor Dolce 150g,47.89
2024-09-07,Queijo Mussarela Fatiado Carrefour Aproximadamente 200 g,11.97
2024-09-07,Queijo Parmesão Ralado Vigor 100g,10.99
2024-09-07,Queijo Minas Padrão 500g,36.34
2024-09-07,Queijo Minas Padrão Verde Campo Aproximadamente 500 g,44.99
2024-09-07,Queijo Minas Padrão Tirolez Aproximadamente 500 g,56.95
2024-09-07,Queijo Minas Padrão Vegano de Castanha de Caju Vida Veg 200g,27.09
2024-09-07,Requeijão Cremoso Catupiry 200g,7.59
2024-09-07,Requeijão Cremoso Catupiry Light 200g,7.59
2024-09-07,Requeijão Cremoso Original Catupiry 250g,14.99
2024-09-07,Requeijão Cremoso Catupiry Original Pote 250 g,17.99
2024-09-07,Requeijão Cremoso Alho Poró Catupiry Culinário 250g,18.49
2024-09-07,Requeijão Cremoso Sabor Cheddar Catupiry Culinário 250 g,18.49
2024-09-07,Iogurte Integral Nestlé Tradicional 170g,2.79
2024-09-07,Stella Artois Pure Gold 330ml,5.57
2024-09-07,Iogurte Natural Integral Batavo 170g,2.79
2024-09-07,Leite Condensado Semidesnatado MOÇA Caixinha 395g,8.99
2024-09-07,Leite Integral UHT Ninho Forti+ Vitaminado 1 L,5.39
2024-09-07,Leite UHT Integral Carrefour Classic 1L,4.22
2024-09-07,Leite Condensado Integral Carrefour Classic 395g,6.19
2024-09-07,Leite Semidesnatado UHT Ninho Levinho Vitaminado 1 L,5.39
2024-09-07,Leite Condensado Integral Carrefour Classic 12 Unidades de 395g,77.99
2024-09-07,Leite Semidesnatado UHT Goiasminas Italac 1 Litro,4.49
2024-09-07,Leite Integral UHT Tipo A Shefa 1 Litro,4.49
2024-09-07,Leite Integral Carrefour 1L,4.22
2024-09-07,Coca-Cola Lata 350 ml,2.99
2024-09-07,Leite condensado Carrefour Classic 395 g,6.19
2024-09-07,Leite Fermentado Desnatado Yakult 80g 6 Unidades,9.89
2024-09-07,Leite em Pó Integral La Serenissima 200g,7.99
2024-09-07,Leite Condensado Triângulo Mineiro 395 g,4.79
2024-09-07,Leite UHT Tipo A2A2 Semidesnatado Zero Lactose Piracanjuba 1L,9.44
2024-09-07,Leite Condensado Mococa 395g,5.59
2024-09-07,Leite Condensado Semidesnatado Piracanjuba Caixa 395g,7.99
2024-09-07,Creme de Leite NESTLÉ 200g,4.69
2024-09-07,Creme de Leite UHT Leve Homogeneizado Zero Lactose Nestlé 200g,5.89
2024-09-07,Creme de leite NESTLÉ 300g,8.29
2024-09-07,Creme de Leite NESTLÉ Extra Cremoso 280g,12.49
2024-09-07,Filé de Frango Sadia Assa Fácil 700 g,19.99
2024-09-07,Filé de Frango à parmegiana Sadia 500g,22.49
2024-09-07,Filezinho Peito Frango Congelado Sadia Bio 1 Kg,27.99
2024-09-07,Linguiça Toscana Grossa Sadia Aprox 5Kg,115.95
2024-09-07,Linguiça Toscana Inteira Sadia Aproximadamente 600 g,14.94
2024-09-07,Linguiça Paio Sadia 370 g,19.69
2024-09-07,Linguiça Defumada Tipo Portuguesa Sadia 400 g,15.29
2024-09-07,Linguiça de Calabresa Defumada Sadia 1 Kg,27.79
2024-09-07,Frango em Cubos Temperados Congelado Sadia 400 g,24.99
2024-09-07,Frango a Passarinho Temperado Sadia 1 Kg,17.29
2024-09-07,Frango Tiras Temperado Congelado Sadia 400 g,24.99
2024-09-07,Linguiça Mista Fininha Sadia 240 g,10.99
2024-09-07,Empanadíssimo de Frango em Tiras de Frango Congelado Sadia Pacote 400g,23.99
2024-09-07,Coxa com Sobrecoxa de Frango Sadia Passa.Iqf 1Kg,16.99
2024-09-07,Coração de Frango Congelado Sadia 1 Kg,37.29
2024-09-07,Drumete de Frango Congelado Sadia Bio 1 Kg,22.99
2024-09-07,Meia Asa Frango Congelado Sadia 1 Kg,28.89
2024-09-07,Hambúrguer de Frango Congelado Sadia 12 Unidades,20.99
2024-09-07,Coxinha da Asa Orgânico Congelado Sadia 600 g,36.99
2024-09-07,"Pizza Congelada Sadia Frango com Requeijão e Mussarela 460g +Coca-Cola Sem Açúcar 1,5L",21.74
2024-09-07,Coxa com Sobrecoxasadia Bio 1 Kg,25.99
2024-09-07,Coxinhas das Asas Empanadas Sadia 400g,18.99
2024-09-07,"Picanha Bovina Congelada Aprox 1,6Kg",86.38
2024-09-07,Picanha Suína Congelado Seara Assa Fácil Aproximadamente 800 g,16.79
2024-09-07,Picanha Suína Temperada Churrasco Seara Aprox. 850g,33.9
2024-09-07,"Picanha Bovina Cry Carrefour Aprox. 1,5 Kg",77.09
2024-09-07,"Picanha Prata Congelada Swift Aproximadamente 1,2 Kg",87.58
2024-09-07,"Picanha Swift Gran Reserva Aproximadamente 1,3 Kg",197.57
2024-09-07,Picanha Bovina Congelada Swift Mais Aproximadamente 1500g,109.47
2024-09-07,Picanha Selection 1 Kg,109.9
2024-09-07,Picanha Carapreta Resfriado Aproximadamente 1400g,237.86
2024-09-07,Picanha Suína Assa Fácil Swift Aprox. 800g,27.11
2024-09-07,Salgadinho de Trigo Picanha Elma Chips Pingo d'Ouro Clássicos 55g,5.09
2024-09-07,Hambúrguer Picanha Sadia 145g,8.39
2024-09-07,Hambúrguer de Picanha Bovina Swift 480 g,17.98
2024-09-07,Hambúrgue de Picanha Congelado Perdigao Na Brasa com 2 Unidades 300g,15.99
2024-09-07,Salgadinho de Trigo Picanha Elma Chips Pingo d'Ouro Clássicos 120g,10.49
2024-09-07,"Alcatra de Cordeiro Picanha Ovina Congelada Swift Aproximadamente 1,1 Kg",104.48
2024-09-07,Hambúrguer de Picanha Congelado Wessel 400g 2 Unidades,29.39
2024-09-07,Bife de Picanha Bovina Carrefour Aproximadamente 600 g,34.61
2024-09-07,Pinha Fresco Inteiro Carrefour Aproximadamente 600 g,23.94
2024-09-07,Cebola Picante Fugita 400 g,8.99
2024-09-07,Sabonete Líquido Harrop Pitanga com 1 L,14.9
2024-09-07,Pão de Alho Picante Zinho 300g,8.99
2024-09-07,Pão de Alho Tradicional com Alho e Muçarela Picante Zinho 300g,8.99
2024-09-07,Suco para Diluir de Graviola Dafruta Tropical Garrafa 950 ml,7.59
2024-09-07,Filé Mignon Suíno em Medalhão Congelado Seara 800g,22.99
2024-09-07,"Filé Mignon Selection Aprox. 1,7Kg",169.13
2024-09-07,Filé Mignon Bovino Especial Carrefour Aproximadamente 800 g,62.71
2024-09-07,Hambúrguer de Filé Mignon Congelado Wessel 360g com 2 Unidades,21.69
2024-09-07,Ração Úmida Cesar Sachê Cortes Selecionados Sabor Filé Mignon para Cães Adultos 85 g,3.79
2024-09-07,"Contra Filé Swift Bronze Aproximadamente 1,5 Kg",55.34
2024-09-07,Contra Filé em Pedaços Carrefour Aproximadamente 600 g,17.99
2024-09-07,"Contra Filé Maturatta Aprox. 1,5 Kg",84.44
2024-09-07,"Contra Filé Congelado Swift Aproximadamente 1,4 Kg",61.57
2024-09-07,"Contra Filé Selection Aprox. 1,3 Kg",111.14
2024-09-07,Contra Filé Bovino Resfriado 1953 Friboi,85.99
2024-09-07,Bife Contra Filé Carrefour Embalagem Familiar Aproximadamente 800 g,38.87
2024-09-07,Filé de Pescada sem Espinha Congelada Costa Sul 800g,38.99
2024-09-07,Alcatra com Maminha a Vácuo Carrefour Aprox. 5 Kg,149.95
2024-09-07,Bife Alcatra Carrefour Embalagem Familiar Aproximadamente 800g,29.59
2024-09-07,"Aranha de Alcatra Bovina Aprox. 1,5 Kg",44.84
2024-09-07,Bife de Alcatra Aprox. 400g,17.47
2024-09-07,Alcatra Pedaço Carrefour Aproximadamente 600 g,17.99
2024-09-07,"Miolo de Alcatra Maturatta Aprox. 1,5 Kg",88.04
2024-09-07,"Alcatra Congelada Swift Aproximadamente 1,4 Kg",64.37
2024-09-07,Alcatra Bovina Moída Carrefour Aproximadamente 500 g,21.84
2024-09-07,"Alcatra Fracionada à Vácuo Aprox. 1,2 Kg",46.79
2024-09-07,"Maminha da Alcatra Friboi Resfriada Aprox. 1,95 Kg",99.49
2024-09-07,"Alcatra Já Pro Forno Congelado Swift Aproximadamente 1,5 Kg",78.72
2024-09-07,Alcatra Selection 1 KG,69.89
2024-09-07,Bife de Coxão Duro P/ Milanesa 600g,21.59
2024-09-07,Bife de Coxão Duro para Milanesa Carrefour Embalagem Familiar Aprox. 800g,25.59
2024-09-07,Patinho Bovino Moído Congelado Wessel 400g,39.59
2024-09-07,Bife de Patinho Bovino Carrefour Embalagem Familiar Aproximadamente 800 g,34.23
2024-09-07,Carne Moída Patinho Carrefour Aproximadamente 500g,20.84
2024-09-07,Carne Moída Resfriada de Patinho Carrefour Selection 500g,36.89
2024-09-07,Paleta Bovina à Vácuo 500g*NÃO REATIVAR-CÓDIGO DE COMPRA*,25.49
2024-09-07,Paleta Bovina Moída Congelada Swift 500 g,18.98
2024-09-07,Paleta Bovina Moída Carrefour Aproximadamente 500 g,16.89
2024-09-07,Paleta Bovina Carrefour Aproximadamente 1 kg,28.09
2024-09-07,Músculo Pedaço Aprox. 400g,11.96
2024-09-07,Costela Minga Bovina Cong Aprox. 2kg,50.78
2024-09-07,"Costela Bovina Já Pro Forno Congelado Swift Aproximadamente 1,8 Kg",62.96
2024-09-07,"Costela Quadrada Congelado Swift Aproximadamente 2,5kg",74.95
2024-09-07,Costela Suína Serrada Refrigerado Carrefour Aprox. 800 g,22.39
2024-09-07,"Peito E Costela Bovino Reserva Congelado Friboi Reserva Aproximadamente 1,8 Kg",48.42
2024-09-07,Hambúrguer de Costela Bovina Congelado Wessel 360g com 2 Unidades,21.69
2024-09-07,Lingüiça Bovina CaraPreta Costela Congelada 300 g,21.39
2024-09-07,Hambúrguer de Costela Maturatta 180g,6.99
2024-09-07,Carré Curto Ovino Congelado Swift Aproximadamente 600 g,74.94
2024-09-07,Cupim Bovino Congelado Mais Swift Aproximadamente 1700g,83.27
2024-09-07,Iscas de Cupim Bovino Congelado Swift 500 g,29.89
2024-09-07,"Cupim Já Pro Forno Congelado Swift Aproximadamente 1,4 Kg",74.17
2024-09-07,Hambúrguer de Fraldinha Maturatta 180g,6.99
2024-09-07,Hambúrguer de Fraldinha Congelado Wessel 360g com 2 Unidades,21.69
2024-09-07,Peça Fraldinha Bovina Resfriada Wessel 800g,139.9
2024-09-07,"Peça de Fraldinha Bovina Resfriada Maturatta Aprox. 1,5 Kg",91.49
2024-09-07,"Feijão Fradinho Seco Tipo 1, 5 Estrelas, 1kg",18.89
2024-09-07,Feijão Fradinho 5 Estrelas 1kg,9.99
2024-09-07,Feijão Fradinho Cozido no Vapor Caldo Bom 250g,13.59
2024-09-07,Maminha Swift Bronze Kg,35.89
2024-09-07,Maminha Swift Gran Reserva Aproximadamente 900 g,66.51
2024-09-07,"Maminha Hereford Aprox. 1,2 Kg",131.88
2024-09-07,"Maminha Já Pro Forno Congelado Swift Aproximadamente 1,7 Kg",96.73
2024-09-07,"Maminha Selection Aprox. 1,3 Kg",94.77
2024-09-07,Maminha Bovina Carrefour Aproximadamente 1 kg,36.99
2024-09-07,Bife de Maminha Aprox. 400g,17.47
2024-09-07,Farinha Láctea NESTLÉ Tradicional 600g,17.19
2024-09-07,Farinha de Milho Flocão Yoki Kimilho 500g,5.29
2024-09-07,Farinha Trigo Carrefour Classic Pp 1kg,4.89
2024-09-07,Farinha de Trigo Tradicional Dona Benta 1kg,5.49
2024-09-07,Farinha de Trigo Rosa Branca Especial 1Kg,4.79
2024-09-07,Vinho Tinto Português Vinha da Casinha Garrafa 750ml,39.99
2024-09-07,Farinha de Milho Flocos Yoki Kimilho 500g,5.39
2024-09-07,Farinha de Milho Amarela Yoki 500g,6.59
2024-09-07,Frango a Passarinho Seara IQF 1Kg,15.99
2024-09-07,Farinha Láctea NESTLÉ Tradicional 210g,7.89
2024-09-07,Acém e Pescoço Bovino Reserva Congelado Kg,26.9
2024-09-07,Acém Bovina Carrefour Aproximadamente 900 g,26.09
2024-09-07,Acém Bovina Moída Resfriada Carrefour 500 g,25.99
2024-09-07,Lagarto sem Pele Bovino Congelado Swift Aproximadamente 1 kg,41.98
2024-09-07,"Lagarto Swift Mais Aprox. 1,5Kg",49.47
2024-09-07,"Lagarto em Pedaços Carrefour Aproximadamente 1,100 Kg",32.99
2024-09-07,Carpaccio de Lagarto Congelado Wessel 200g,25.19
2024-09-07,Carpaccio de Carne Bovina Lagarto Congelado Carapreta 200 g,29.89
2024-09-07,Kit 2 Difusores de Aromas Safira Lavanda Secar Preciosidades 100ml Cada Grátis 1 Home Spray Passion Fine Collection 120ml,43.29
2024-09-07,Linguiça Lombo com Alho e Ervas Aurora Premium 500g,27.99
2024-09-07,Linguiça de Lombo Suíno Prieto 500 g,25.99
2024-09-07,Linguiça de Lombo Swift 500 g,17.96
2024-09-07,Pizza de Lombo Sadia 460g,14.19
2024-09-07,Copa Lombo Sobrepaleta Sabor & Qualidade 500g,23.44
2024-09-07,"Pizza Congelada Sadia Lombo com Requeijão e Mussarela 460g +Coca-Cola Sem Açúcar 1,5L",21.74
2024-09-07,Bacon Lombo em Cubos Kassel 150 g,9.99
2024-09-07,Pizza Sabor Lombo com Requeijão e Mussarela Confiare 460g,15.99
2024-09-07,Pernil Suíno Temperado Sem Osso Congelado Swift Aproximadamente 900g,19.78
2024-09-07,Pernil Suíno à Pururuca Pedaço Sabor & Qualidade Aprox. 1 Kg,23.98
2024-09-07,Pernil Suíno Assa Fácil Swift Aprox. 800g,23.98
2024-09-07,Pernil Suíno sem Osso Aprox. 700 g,18.88
2024-09-07,Linguiça de Pernil com Alho Sabor de Bragança Blíster 1Kg,29.9
2024-09-07,Linguiça de Pernil Perdigão Na Brasa 1Kg,29.19
2024-09-07,Linguiça de Pernil Swift 700 g,19.0
2024-09-07,Linguiça Suína de Pernil Gran Corte Gran Fogaça 400g,20.39
2024-09-07,Linguiça Pernil Pimenta Biquinho Swift 500 g,18.98
2024-09-07,Linguiça Pernil com Alho Swift 500 g,18.98
2024-09-07,Tira de Pernil Suíno Congelado Swift 500 g,14.5
2024-09-07,Bife de Pernil Suíno Sabor & Qualidade Aprox. 600g,10.78
2024-09-07,Cubos de Pernil Suíno Congelado Swift 500 g,14.5
2024-09-07,Costela Suína Temperada Churrasco Seara Aprox. 880g,29.82
2024-09-07,Costela Suína Temperada Aprox. 900g,27.35
2024-09-07,Costela Suína à Pururuca Sabor & Qualidade Aprox. 800g,16.78
2024-09-07,Costela Suína Aprox. 800g,23.19
2024-09-07,Costela Suína Temperada Congelada Swift Aproximadamente 800 g,19.98
2024-09-07,Costela Suína Congelada Aprox. 800g,26.31
2024-09-07,Calabresa Apimentada Biquinho Spirale Rei Da Linguiça 400 g,19.39
2024-09-07,Linguiça Calabresa Inteira Aurora Aproximadamente 300 g,11.06
2024-09-07,Lingüiça de Calabresa Defumada Perdigão Aprox. 500g,13.95
2024-09-07,Linguiça Calabresa Aurora Enroladinha 800g,30.29
2024-09-07,Linguiça Tipo Calabresa Enroladinha Perdigão 500g,19.29
2024-09-07,Lingüiça de Calabresa Defumada Aurora Aprox. 450g,16.37
2024-09-07,Linguiça Calabresa Aurora 400 g,22.39
2024-09-07,Linguiça Toscana Perdigão Na Brasa 1 Kg,28.9
2024-09-07,Linguiça Toscana Perdigão Na Brasa Apimentada 1Kg,28.9
2024-09-07,Linguiça Toscana com Queijo Perdigão Na Brasa 600 g,35.49
2024-09-07,Linguiça de Frango Perdigão Na Brasa 1 Kg,20.39
2024-09-07,Linguiça Toscana Perdigão Na Brasa Aproximadamente 600 g,19.43
2024-09-07,Linguiça Toscana com Alho e Ervas Perdigão Na Brasa 600g,27.19
2024-09-07,Linguiça Toscana com Pimenta Biquinho Perdigão Na Brasa 600g,35.49
2024-09-07,Linguiça de Frango com Bacon Perdigão Na Brasa 600g,27.19
2024-09-07,Linguiça Fina  Na Brasa Perdigão 400g,22.49
2024-09-07,Linguiça Paio Inteira Perdigão Aproximadamente 300 g,14.54
2024-09-07,"Coca-Cola Sem Açucar 1,5L + Linguiça Perdigão Na Brasa com queijo 600g",40.78
2024-09-07,Fanta Laranja Pet 2L + Linguiça de Frango com Bacon Perdigão Na Brasa 600g,41.28
2024-09-07,Fanta Guaraná Pet 2L + Linguiça Toscana com Alho e Ervas Perdigão Na Brasa 600g,40.18
2024-09-07,Lingüiça Toscana Grossa Auora Aprox. 700g,13.93
2024-09-07,Linguiça Toscana Sabor Cerveja e Cebola Aurora Premium 500g,27.99
2024-09-07,Linguiça Toscana Seara 700g,23.49
2024-09-07,Macarrão com Bacon Carbonara Sadia Hot Bowls 300g,11.49
2024-09-07,Hambúrguer Bacon Sadia 14g,8.39
2024-09-07,"Macarrão ao Molho Branco com Queijo, Brócolis e Bacon Sadia Hot Bowls 300g",11.49
2024-09-07,Linguiça Fininha Defumada Aurora 220 g,9.49
2024-09-07,Leite em Pó Piracanjuba Integral Instantâneo 400g,16.39
2024-09-07,Leite em Pó Piracanjuba Integral Pouch 800g,42.49
2024-09-07,Leite em Pó Piracanjuba Integral 400g,19.99
2024-09-07,Leite Semidesnatado UHT Tipo A2A2 Piracanjuba 1L,5.84
2024-09-07,Kit Leite Condensado Semidesnatado Piracanjuba 395g 6 Unidades,43.99
2024-09-07,Composto Lácteo Ninho Fases 1+ 800g 2 Unidades,84.94
2024-09-07,Pipoca Pronta Doce Leite em Pó Ninho Pipó Gourmet 100g,13.99
2024-09-07,Kit Leite Integral UHT Ninho Forti+ Vitaminado 1 L 6 Unidades,46.19
2024-09-07,Manteiga Extra com Sal Président Gastronomique 380g,25.89
2024-09-07,Manteiga Extra sem Sal Président Gastronomique 200 g,14.49
2024-09-07,Manteiga Extra com Sal Président Gastronomique Pote 200 g,14.49
2024-09-07,Queij Mussarela Zero Lactose Lac Lelo 150 g,14.29
2024-09-07,Queijo Prato Fatiado Light sem Lactose Tirolez 150g,17.59
2024-09-07,Queijo Prato Esférico Aprox. 200g,17.78
2024-09-07,Queijo Prato Light Tirolez Fatiado 150 g,18.79
2024-09-07,Queijo Minas Frescal Estrela de Minas Aproximadamente 540 g,26.45
2024-09-07,Queijo Minas Frescal Fazenda Bela Vista Aproximadamente 540 g,32.71
2024-09-07,Queijo Minas Padrão Light Verde Campo Aproximadamente 450 g,42.29
2024-09-07,Queijo Minas Artesanal Carrefour Aproximadamente 200 g,14.47
2024-09-07,Queijo Minas Frescal Danubio 250g,19.29
2024-09-07,Queijo Minas Padrão Lacfree Aproximadamente 450 g,49.45
2024-09-07,Queijo Minas Frescal Vegano de Castanha de Caju Vida Veg 200g,27.49
2024-09-07,Queijo Mussarela Recheada Vertente Minas Aproximadamente 200 g,15.69
2024-09-07,Queijo Minas Frescal Ipanema Aproximadamente 540 g,31.85
2024-09-07,Queijo Azul de Minas Damasco Cruzilia Aprox. 200 g,31.98
2024-09-07,Queijo Minas Fescal Monteminas Aproximadamente 540 g,28.99
2024-09-07,Queijo Minas Artesanal Araxá Aprox 400g,43.16
2024-09-07,Queijo Minas Frescal Estrela de Minas Aproximadamente 540 g,29.58
2024-09-07,"Queijo Minas Frescal Peça Sol Brilhante Aproximadamente 1,5 kg",83.84
2024-09-07,Queijo Minas Curado Fracionado Dummont Aproximadamente 540 g,38.65
2024-09-07,Queijo Minas Artesanal São Pedro Aprox 450g,48.55
2024-09-07,Requeijão Sabor Cheddar de Castanha-de-Caju Catupiry Plantury 180g,13.79
2024-09-07,Requeijão Cremoso Cebola Caramelizada Catupiry 180g,9.49
2024-09-07,Requeijão Cremoso Catupiry Pimenta Biquinho com 180 g,9.49
2024-09-07,Requeijão Cremoso Original Catupiry 410g,35.99
2024-09-07,Requeijão Cremoso Ervas Finas Catupiry Copo 180 g,10.09
2024-09-07,Requeijão Cremoso Azeitona Preta Catupiry Copo 180 g,10.09
2024-09-07,Requeijão Cremoso Catupiry Light Pote 420 g,18.99
2024-09-07,Mini Coxinha de Frango com Requeijão Catupiry 300g,24.99
2024-09-07,Mini Kibe com Requeijão Catupiry 300g,21.99
2024-09-07,Requeijão Cremoso Catupiry Tradicional Pote 420 g,18.99
2024-09-07,"Iogurte Grego Semidesnatado Light Nestlé Tradicional, Maracujá e Morango 540g",13.99
2024-09-07,Iogurte Desnatado Nestlé Tradicional 170g,2.79
2024-09-07,"Iogurte Integral Nestlé Cenoura, Mel e Laranja 170g",2.79
2024-09-07,Iogurte Semidesnatado Nestlé Ninho Soleil Maçã e Banana 170g,3.19
2024-09-07,"Iogurte Nestlé de Morango 1,25Kg",14.49
2024-09-07,Iogurte Grego Nestlé Tradicional + Morango 540g 6 Unidades Leve Mais Pague Menos,13.99
2024-09-07,Iogurte Integral Nestlé Mel 170g,2.79
2024-09-07,Iogurte Semi Desnatado Nestlé Chamyto Morango 100g,3.89
2024-09-07,Iogurte Nestlé de Morango 170g,2.89
2024-09-07,Iogurte Grego Light Nestlé Morango 360g,10.49
2024-09-07,Iogurte Grego Light Nestlé Maracujá 360g,10.49
2024-09-07,Iogurte Nestlé Morango 510g 6 Unidades,7.89
2024-09-07,Iogurte Semidesnatado Nestlé Ninho Morango 170g,3.19
2024-09-07,Iogurte Grego Nestlé Torta de Limão 90g,2.59
2024-09-07,"Iogurte Nestlé de Vitamina de Frutas 1,25Kg",14.49
2024-09-07,Iogurte Grego Nestlé Frutas Vermelhas 360g 4 Unidades,11.49
2024-09-07,Iogurte Granola com Castanhas e Amêndoas  Mix Vigor Viv Pote 140g,3.79
2024-09-07,Iogurte Nestlé Morango + Vitamina de Frutas 510g 6 Unidades,7.89
2024-09-07,Iogurte Natural Mel Nestlé 340g,7.39
2024-09-07,Iorgute Integral Natural Nestle 340g,7.19
2024-09-07,"Iogurte Desnatado Morango Zero Lactose Batavo Pense Zero Garrafa 1,15 Kg Embalagem Econômica",13.2
2024-09-07,"Iogurte Desnatado Mel Zero Lactose Batavo Pense Zero Garrafa 1,15 Kg Embalagem Econômica",13.2
2024-09-07,Iogurte Grego Batavo Pense Zero Tradicional 100g,2.29
2024-09-07,Iogurte à Base de Leite Desnatado Batavo Natural 170g 1 Unidade,2.79
2024-09-07,Iogurte Grego Desnatado Batavo de Morango 500g,8.99
2024-09-07,Iogurte Integral Batavo Pedaços Morango 100g,2.39
2024-09-07,"Iogurte Liquido Ameixa Batavo Pense Zero Garrafa 1,15Kg",13.2
2024-09-07,Iogurte Integral Batavo Pedaços Morango 500g,9.79
2024-09-07,Iogurte Semidesnatado de Morango Paw Patrol Batavinho 110 g,3.65
2024-09-07,Iogurte Integral Batavo Pedaços Pêssego 500g,9.79
2024-09-07,Iogurte Semidesnatado Jabuticaba Batavo 170 g,2.49
2024-09-07,Iogurte Integral Batavo Pedaços Pêssego 100g,2.39
2024-09-07,Iogurte Semidesnatado de Graviola Batavo 170 g,2.49
2024-09-07,Iogurte Integral Batavo Pedaços Coco 500g,9.79
2024-09-07,Iogurte Batido Danone Aveia 800g,11.81
2024-09-07,Iogurte Vigor Parcialmente Desnatado Adoçado Batido Garrafa 800 g,12.39
2024-09-07,Iogurte Batido Vigor Frasco 170 g,1.99
2024-09-07,Leite Condensado MOÇA Zero Lactose Caixinha 395g,13.19
2024-09-07,"Sorvete de Creme Nestlé 1,5 Litros",19.89
2024-09-07,LEITE EM PÓ MOLICO DESNATADO LATA 280g,26.99
2024-09-07,LEITE EM PÓ MOLICO DESNATADO Sachet 500g,31.99
2024-09-07,Chocolate NESTLÉ CLASSIC ao Leite 25g,3.39
2024-09-07,Chocolate ao Leite NESTLÉ CLASSIC Tablete 80g,8.9
2024-09-07,Chocolate NESTLÉ CLASSIC ao Leite com Amendoim 150g,10.3
2024-09-07,"Coxão Mole Fracionado à Vácuo Aprox. 1,3 Kg",55.89
2024-09-07,Coxão Mole para Strogonoff Aprox. 400g,16.39
2024-09-07,Carne Moída Coxão Mole Carrefour Aprox. 500g,20.49
2024-09-07,Bife de Coxão Mole Aprox. 400g,16.39
2024-09-07,Ração Úmida Cesar Sachê Cortes Selecionados Sabor Carne Assada ao Molho para Cães Adultos 85 g,3.79
2024-09-07,Coxa com Sobrecoxa Assada Carrefour kg,25.9
2024-09-07,Pizza Assada Portuguesa 800 g,12591.0
2024-09-07,Passata de Tomate Carrefour Original 680g,10.99
2024-09-07,Óleo de Girassol Salada 900ml,14.49
2024-09-07,Filé de Tilápia Congelado Carrefour Special Sabor & Qualidade 250g,17.9
2024-09-07,Filé de Peito de Frango Congelado Seara 1Kg,24.99
2024-09-07,Filé de Merluza Congelado Planalto 500 g,23.79
2024-09-07,Filé de Salmão com Pele Resfriado Carrefour Aprox. 900g,80.99
2024-09-07,Filé de Salmão sem Espinha Swift Premium 900 g,99.9
2024-09-07,Filé de Salmão Carrefour Classic 500g,65.99
2024-09-07,Carne Moída Congelada Friboi 500g,12.59
2024-09-07,Carne Moída Bolonhesa Congelada Swift 500 g,17.98
2024-09-07,Carne Moída Resfriada de Dianteiro Do Chef 500g,22.89
2024-09-07,Carne Moída Resfriada de Dianteiro Carrefour Selection 500g,23.99
2024-09-07,Carne Moída Resfriada de Traseiro Carrefour Selection 330g,23.69
2024-09-07,Bife Ancho Congelado Swift Aproximadamente 800 g,41.52
2024-09-07,Isca de Fígado Bovino Congelado Swift 500 g,9.48
2024-09-07,Bife para Role Congelado Swift Aproximadamente 1 Kg,41.98
2024-09-07,Medalhão Baby Beef Congelado Swift Aproximadamente 800 g,39.98
2024-09-07,"Bife Chorizo Swift Gran Reserva Aproximadamente 1,4 Kg",113.37
2024-09-07,Bife de Chorizo Congelado Swift Aproximadamente 900 g,46.71
2024-09-07,"Rabo Bovino Congelado Swift Aproximadamente 1,8 Kg",61.16
2024-09-07,Prime Rib Congelado Swift Aproximadamente 800 g,39.98
2024-09-07,"Mocotó Bovino em Pedaços Congelado Swift 1,3 Kg",20.98
2024-09-07,Língua Bovina Fatiada Congelada Swift Aproximadamente 900 g,26.08
2024-09-07,T-bone Congelado Swift Aproximadamente 800 g,37.58
2024-09-07,Carne Moída Suína Swift 500 g,14.98
2024-09-07,Torresmo Pré Frito Swift 500g,20.98
2024-09-07,Barriga Suína Temperada Congelada Swift Aproximadamente 800g,21.52
2024-09-07,Patinho Fracionado à Vácuo 500g,22.44
2024-09-07,Bife de Patinho Aprox. 400g,16.67
2024-09-07,Purê de Frutas Sabor Maçã e Canela Carrefour Bio 100g,4.59
2024-09-07,"Purê de Frutas Sabor Maçã, Morango e Framboesa Carrefour Viver 100g",3.99
2024-09-07,Purê de Frutas Sabor Maçã e Açaí Carrefour Bio 100g,4.59
2024-09-07,Purê de Frutas Sabor Maçã e Pera Carrefour Bio 100g,4.59
2024-09-07,Amaciante Carrefour Concentrado para Roupas de Bebê Carinho Baby 1 Litro,10.49
2024-09-07,Purê de Frutas Sabor Maçã e Banana Carrefour Viver 100g,3.99
2024-09-07,Amaciante Carrefour Concentrado para Roupas de Bebê Carinho 500ml,6.89
2024-09-07,Limpador Desengordurante Carrefour Essential com Gatilho 500ml,7.39
2024-09-07,Suco Integral de Maçã Carrefour Viver 1L,18.19
2024-09-07,Limpa Vidros Carrefour Essential com Gatilho 500ml,12.09
2024-09-07,Mala PC com 4 Rodas Azul Marinho OD129524 55 cm,230.93
2024-09-07,Linguiça de Frango Swift 700 g,16.98
2024-09-07,Linguiça Suína Swift 900 g,31.98
2024-09-07,Queijo Mussarela Tirolez Aprox. 380g,36.02
2024-09-07,Queijo Mussarela Light Verde Campo Aproximadamente 200 g,16.69
2024-09-07,Queijo Mussarela Light sem Lactose Tirolez Aprox. 330g,34.61
2024-09-07,Queijo Mussarela Vegano de Castanha de Caju Fatiado Vida Veg 150g,15.89
2024-09-07,Queijo Mussarela Fatiado Carrefour Embalagem Familiar Aproximadamente 500 g,26.99
2024-09-07,Queijo Mussarela Importado Fatiado Carrefour Embalagem Familiar Aproximadamente 500 g,26.99
2024-09-07,Queijo Fatiado Sabor Mussarela Polenghi 144g,14.99
2024-09-07,Queijo Mussarela Fatiado Nacional Aprox 200g,11.97
2024-09-07,Queijo Mussarela Vegano de Castanha de Caju Vida Veg 300g,29.89
2024-09-07,Queijo Mussarela Bom Destino Zero Lactose 160 g,16.99
2024-09-07,Queijo Mussarela de Búfala Bom Destino Aprox. 400g,36.91
2024-09-07,Queijo Mussarela Lacfree 150 g,17.69
2024-09-07,Queijo Mussarela Nozinho Gioia 320g,43.29
2024-09-07,Queijo Mussarela Búfala Búfalo Dourado 150 g,20.39
2024-09-07,Queijo Mussarela Palito Temperado Gioia 275g,39.59
2024-09-07,Queijo Mussarela Nozinho Temperado Gioia 320g,43.29
2024-09-07,Leite Integral UHT Quatá 1 Litro Caixa 1 Unidade,4.2
2024-09-07,Leite Integral sem Lactose UHT Tipo B Itambé Nolac 1 Litro,5.75
2024-09-07,Leite de Cabra Integral UHT Tipo A Cappry's 1 L,15.2
2024-09-07,Leite Integral UHT Tipo A Shefa 1 Litro - 6 Unidades,29.9
2024-09-07,Leite Integral Baixa Lactose UHT Tipo A Leitíssimo 1 Litro,7.91
2024-09-07,Leite em Pó Integral La Serenissima 800g,39.89
2024-09-07,Leite em Pó Integral Instantâneo Itambé Sachê 400g,17.99
2024-09-07,Leite em Pó Integral Itambé 400g,16.79
2024-09-07,Leite em Pó Integral Itambé Sachê 400g,17.99
2024-09-07,Leite Pasteurizado Integral Letti Tipo A 1 Litro,8.99
2024-09-07,Leite em Pó Integral Itambé Instantâneo Fortificado 400g,16.79
2024-09-07,Manteiga com Sal Danone Extra 200g,11.7
2024-09-07,Manteiga com Sal Aviação 200g,13.99
2024-09-07,Manteiga com Sal Aviação 500g,34.99
2024-09-07,Manteiga sem Sal Danone Extra 200g,11.8
2024-09-07,Manteiga com Sal Aviação Lata 200g,19.99
2024-09-07,Manteiga Vegana Vida Veg com Castanha-de-Caju e Sal do Himalaia Zero Lactose Pote 170 g,16.69
2024-09-07,Manteiga com Sal Aviação Barra 200g,14.99
2024-09-07,Manteiga sem Sal Danone Extra 200g,12.3
2024-09-07,Mix de Margarina e Manteiga Cremosa com Sal Vigor 500g,21.29
2024-09-07,Manteiga com Sal Batavo em Barra 200g,10.99
2024-09-07,Mix de Margarina e Manteiga Extra Cremosa com Sal Leco 200g,10.99
2024-09-07,Pipoca para Micro-Ondas com Sal Cobertura Manteiga Yoki 105g,7.59
2024-09-07,Manteiga Ghee com Sal do Himalaia Leviora Vidro 200 g,34.49
2024-09-07,Manteiga com Sal Zero Lactose Lac Lélo Pote 200 g,15.99
2024-09-07,Manteiga E Margarina Sem Sal Extra Cremosa Leco 200 g,10.99
2024-09-07,Queijo Prato Fatiado Polenghi Sandwich-In 144g,14.99
2024-09-07,Queijo Prato Nacional Fatiado Carrefour Aproximadamente 200 g,12.99
2024-09-07,Queijo Prato Light sem Lactose Tirolez Aprox. 400g,43.96
2024-09-07,Queijo Prato sem Lactose Polenghi Sandwinch-In 144g,15.59
2024-09-07,Queijo Prato Tirolez Aproximadamente 400 g,39.19
2024-09-07,Queijo Prato Fatiado Light Polenghi Sandwich-In 144g,14.99
2024-09-07,Queij Prat Zero Lactos Fat Lac Lelo 150 g,14.89
2024-09-07,Vegan Cheese Prato Gourmet Superbom 200 g,30.39
2024-09-07,Queijo Mussarela Almeida Prado Aproximadamente 200 g,17.27
2024-09-07,Queijo Minas Frescal President Aproximadamente 540 g,35.9
2024-09-07,Creme De Queijo Minas Frescal Ipanema 180g,10.59
2024-09-07,Requeijão Cremoso Light Danone Pote 200g,7.19
2024-09-07,Requeijão Cremoso Nestlé 200g,7.89
2024-09-07,Requeijão Cremoso Light Nestlé 200g,7.89
2024-09-07,Requeijão Cremoso Light Carrefour Classic 400g,16.9
2024-09-07,Requeijão Cremoso Carrefour 200g,7.19
2024-09-07,Requeijão Cremoso Sem Lactose Carrefour 200 g,10.99
2024-09-07,Requeijão Cremoso Vigor 200g,8.39
2024-09-07,Requeijão Cremoso Poços de Caldas Tradicional 200g,8.79
2024-09-07,Requeijão Cremoso Light Vigor 200g,8.39
2024-09-07,Requeijão Cremoso Light sem Lactose Polenghi 200g,11.19
2024-09-07,Requeijão Cremoso Light Carrefour Classic 200g,8.99
2024-09-07,Requeijão Cremoso Light Poços de Caldas 200g,9.49
2024-09-07,Requeijão Cremoso Président Copo 220 g,11.99
2024-09-07,Bacon Defumado Fatiado Perdigão 250 g,20.09
2024-09-07,Bacon Defumado Fatiado Resfriado Haciendas 200 g,23.69
2024-09-07,Bacon Defumado Pedaço Aprox. 250g,8.97
2024-09-07,Bacon Defumado Pedaço Aurora Aproximadamente 300 g,19.46
2024-09-07,Bacon Defumado Tablete Pamplona Aprox 300 g,13.76
2024-09-07,Bacon Defumado Pedaço Kassel Aproximadamente 300 g,19.04
2024-09-07,Caldo em Pó de Bacon Defumado Sazón 32.5 g,3.29
2024-09-07,Creme de Leite Leve Triangulo Mineiro 200 g,3.29
2024-09-07,Creme de Leite Esterilizado 20% Gordura Carrefour 300 g,6.19
2024-09-07,Creme Culinário Triangulo Mineiro 200,2.89
2024-09-07,Creme de Leite Itambé 300g,6.89
2024-09-07,Creme de Leite Glória 200g,3.19
2024-09-07,Creme de Leite Pasteurizado Xandô 300 g,13.99
2024-09-07,Creme Hidratante Desodorante Corporal Proteínas de Leite Vegetal Skala 400 ml,7.09
2024-09-07,Margarina com Creme de Leite Delícia com Sal 500g,8.79
2024-09-07,Margarina Amanteigada com Sal e Creme de Leite Delícia Supreme Pote 500g,7.69
2024-09-07,Margarina com Sal e Creme de Leite Delícia Pote 1kg Embalagem Econômica,17.99
2024-09-07,Mistura de Creme de Leite Mococa 200g,2.39
2024-09-07,Margarina sem Sal com Creme de Leite Delícia Pote 500g,7.79
2024-09-07,Hidratante Leite De Aveia Para Todos Os Tipos De Pele Davene 180 mL,14.99
2024-09-07,Margarina com Sal e Creme de Leite Delícia Pote 250g,4.39
2024-09-07,Margarina com Sal e Creme de Leite Light Delícia Pote 500g,8.79
2024-09-07,Leite Desnatado sem Lactose UHT Tipo B Itambé Nolac 1 Litro,5.75
2024-09-07,Leite Fermentado Desnatado Chamyto 450g 6 Unidades,6.39
2024-09-07,Leite Desnatado Molico Vitaminado Zero Lactose 1 L,6.02
2024-09-07,Leite Fermentado Desnatado Chamyto 720g 6 Unidades,9.99
2024-09-07,Leite UHT Desnatado Parmalat Zymil 1L,5.39
2024-09-07,Leite Fermentado Desnatado Light Yakult 40 - 80g 6 Unidades,12.99
2024-09-07,Leite Fermentado Desnatado Yakult 40 - 80g 6 Unidades,13.49
2024-09-07,Papel Manteiga Carrefour 30x750cm,7.49
2024-09-07,Sabonte em barra Carrefour Soft Hidrante com Manteiga de karitê e Vitamina E com 6 unidades 90 g,14.49
2024-09-07,Couve Manteiga Inteira Orgânica Carrefour Viver,5.49
2024-09-07,Couve Manteiga Carrefour Linha Azul Unidade Maço,3.29
2024-09-07,Milho para Pipoca Manteiga Carrefour 100g,3.69
2024-09-07,Couve Manteiga Fatiada 200g,6.99
2024-09-07,Quejo Mussarela Classic Fatiado Carrefour 150g,11.49
2024-09-07,Queijo Mozzarella Bolinha de Búfala Carrefour 380g,17.39
2024-09-07,Torta Carrefour de Frango com Requeijão 260g,9.69
2024-09-07,Pizza Congelada Frango com Requeijão Carrefour 460 g,15.99
2024-09-07,Pão de Queijo Recheado com Requeijão Carrefour Sensation 300g,12.9
2024-09-07,Requeijao Cremoso Carrefour 400 g,15.09
2024-09-07,Lingüiça para Churrasco Aprox. 700g,17.89
2024-09-07,Cebola Carrefour Aprox. 500g,2.09
2024-09-07,Papel Toalha Branco Carrefour 2 Unidades,4.9
2024-09-07,Chá de Capim-Cidreira Carrefour Classic 10 Sachês,2.29
2024-09-07,Chá de Capim Cidreira Carrefour Cartuho com 10 Cáspulas,19.59
2024-09-07,Farinha de Rosca Carrefour 500 g,10.29
2024-09-07,Frango à Passarinho Refrigerado Aprox. 1 Kg,13.59
2024-09-07,"Frango Caipira Congelado Carrefour Aproximadamente 2,5 kg",60.98
2024-09-07,Farinha de Castanha de Caju Torrada Carrefour Mercado 150g,13.99
2024-09-07,Pé de Moleque Carrefour Classic 304g,10.59
2024-09-07,Pé de Frango Resfriado Carrefour Aproximadamente 500 g,4.99
2024-09-07,Pé Salgado Carrefour Aproximadamente 450 g,8.5
2024-09-07,Frango a Passarinho Temperada Resfriado Carrefour Aproximadamente 700 g,8.88
2024-09-07,"Peito de Frango sem Osso Congelado Carrefour Aproximadamente 1,5kg",34.34
2024-09-07,"Peito de Frango com Osso Congelado Aprox. 1,5Kg",19.49
2024-09-07,Coxa com Sobrecoxa Frango Refrigerado Carrefour kg,11.99
2024-09-07,Peito de Frango sem Osso Resfriado Carrefour Aproximadamente 500 g,12.49
2024-09-07,Macarrão Instantâneo Carrefour Sabor Galinha 85g,1.59
2024-09-07,Macarrão Instantâneo Carrefour Sabor Galinha Caipira 85g,1.59
2024-09-07,Filé de Sobrecoxa de Frango Swift 1Kg,20.98
2024-09-07,Filé de Tilápia Congelado Swift 800 g,41.98
2024-09-07,Frango à Passarinho Swift 1 Kg,12.98
2024-09-07,Filezinho Sassami do Campo Swift 1 Kg,24.98
2024-09-07,Salmão Porcionado Swift 125 g,16.0
2024-09-07,Cubos de Peito de Frango Congelado Swift 1 Kg,25.98
2024-09-07,Brócolis Congelado Swift 300 g,5.29
2024-09-07,Filé de Merluza Congelado Swift 800 g,33.0
2024-09-07,Carne Moída de Frango Congelado Swift 500 g,13.98
2024-09-07,Pão Francês Rústico Congelado Swift 120 g,4.49
2024-09-07,Coração de Frango Congelado Swift 1 Kg,35.98
2024-09-07,Kit Paella Swift 400 g,37.9
2024-09-07,Limpador Mr. Músculo Banheiro Total Refil 400 ml,10.49
2024-09-07,Desengordurante Mr Músculo Cozinha Laranja 500 ml com 30% de Desconto,16.99
2024-09-07,Filé de Peito Temperado Swift 1 Kg,21.5
2024-09-07,Filé de Pescada sem Espinha Swift 500 g,23.9
2024-09-07,"Costela Traseiro Fatiada Congelado Swift Aproximadamente 1,4 Kg",32.17
2024-09-07,"Filé de Costela Noix Congelado Swift Aproximadamente 1,4 Kg",55.86
2024-09-07,Filé de Truta da Patagonia Congelado Swift 600 g,79.0
2024-09-07,Filé Peito Temperado Já Pro Forno Swift 800 g,20.98
2024-09-07,Filé Pescada Swift 500 g,36.0
2024-09-07,Copa Lombo Suino Temperado e Congelado Swift Aproximadamente 900g,22.48
2024-09-07,Leite em Pó Desnatado Instantâneo La Serenissima 500g,26.49
2024-09-07,Leite Fermentado Desnatado Elegê Bob Esponja 80g com 6 unidades,6.79
2024-09-07,Leite Semi Desnatado em Pó Instantâneo Itambé 300g,18.09
2024-09-07,Leite em Pó Desnatado Instantâneo La Serenissima 300g,14.99
2024-09-07,Leite Fermentado Parcialmente Desnatado Sabor Morango Activia 800g,11.55
2024-09-07,Leite Fermentado Desnatado Elegê Bob Esponja Sabor Uva 80g com 6 unidades,6.79
2024-09-07,Leite Desnatado Quatá Caixa 1L,4.2
2024-09-07,Leite Fermentado Desnatado Light Zero Lactose Sabor Morango Activia Zero 170g,3.69
2024-09-07,Leite Fermentado Semi-Desnatado Actimel Morango 600g,19.49
2024-09-07,Leite UHT A2 Semidesnatado Italac Caixa 1 Litro,5.39
2024-09-07,Leite Zero Lactose Semidesnatado Parmalat ZYMIL 1L,5.39
2024-09-07,Leite Semidesnatado UHT Goiasminas Italac 1 Litro - 12 Unidades,69.9
2024-09-07,Leite Semidesnatado Zero Lactose 1 L,7.99
2024-09-07,Leite Semidesnatado UHT Tipo B Itambé Nolac 1 Litro,5.75
2024-09-07,Leite Semidesnatado Tipo A Fazenda Bela Vista 1 Litro,7.49
2024-09-07,Leite Pasteurizado Homogeneizado Tipo A Semidesnatado Letti Garrafa 1 l,8.99
2024-09-07,Leite UHT Semidesnatado Quatá 1 Litro,4.2
2024-09-07,Leite Semidesnatado UHT Aurora 1 Litro,7.9
2024-09-07,Leite de Coco em Pó Sem Lactose Monama 180g,26.29
2024-09-07,Leite Fermentado Zero Lactose Sabor Morango Activia Shot Diário 100g,3.39
2024-09-07,Leite Fermentado Desnatado Light Zero Lactose Sabor Ameixa Activia Zero 170g,3.69
2024-09-07,Leite Fermentado Desnatado Zero Lactose Sabor Morango Activia Zero 510g 6 Unidades,15.69
2024-09-07,Composto Lácteo em Pó Ninho Fases 1 800g,47.19
2024-09-07,Queijo Parmesão Forma com Casca Preta La Serenissima Aprox. 200g,21.38
2024-09-07,Queijo Parmesão Ralado Faixa Azul 100g,16.89
2024-09-07,Queijo Parmesão Ralado Carrefour Classic 100g,13.79
2024-09-07,Queijo Parmesão Ralado Faixa Azul 50g,9.59
2024-09-07,Queijo Parmesão Ralado Vegano de Castanha de Caju Vida Veg 50g,9.19
2024-09-07,Queijo Parmesão Forma sem Casca Preta La Serenissima Aprox. 200g,109.9
2024-09-07,Queijo Parmesão Ralado Vigor 50g,8.59
2024-09-07,Queijo Parmesão Ralado La Serenissima 50g,7.99
2024-09-07,Queijo Parmesão Fracionado Buritis Aproximadamente 200 g,24.81
2024-09-07,Queijo Parmesão Vegano de Castanha de Caju Vida Veg 150g,27.09
2024-09-07,Queijo Parmesão Ralado Vigor 150g,25.9
2024-09-07,Queijo Parmesão Lascas Faixa Azul 150g,27.39
2024-09-07,Queijo Parmesão Fatiado Faixa Azul 300g,45.89
2024-09-07,Queijo Parmesão Tirolez Aprox. 270g,32.64
2024-09-07,Arroz Branco Longo-fino Tipo 1 Prato Fino 1 Kg,7.19
2024-09-07,Mini Torta de Limão Swift 100 g,8.99
2024-09-07,Salsicha Tradicional Swift Hot Dog 500 g,9.48
2024-09-07,Pão de Queijo Coquetel Forno de Minas 32 Pães 400g,17.99
2024-09-07,Pão de Queijo Waffle Forno de Minas 200 g,10.9
2024-09-07,Pão de Queijo Congelado Coquetel Forno de Minas 820g,25.9
2024-09-07,Pão de Queijo Congelado Forno de Minas 820g,36.99
2024-09-07,Pão de Queijo Congelado Lanche Forno de Minas 820g,25.9
2024-09-07,Pão de Queijo Congelado Waffle Forno de Minas 400g 10 Unidades,27.79
2024-09-07,Pão de Queijo Congelado Tradicional Forno de Minas 820g,25.9
2024-09-07,Iogurte Integral Danone Natural 160 g,3.29
2024-09-07,Iogurte Grego Integral Danone + Frutas Vermelhas 510g 6 Unidades,14.59
2024-09-07,Iogurte Grego Integral Danone 340g 4 Unidades,10.59
2024-09-07,Iogurte Integral Fazenda Bela Vista Natural 170g,2.99
2024-09-07,Iogurte Integral Itambé Natural Milk 500g,10.79
2024-09-07,Iogurte Integral Itambé Tradicional 170g,2.19
2024-09-07,Iogurte Integral Itambé Coalhada 130g,3.29
2024-09-07,Iogurte Integral Morango com Aveia Danoninho Bom Dia 90g,3.29
2024-09-07,Iogurte Integral Banana com Aveia Danoninho Bom Dia 70g,3.89
2024-09-07,Iogurte Integral Morango com Aveia Danoninho Bom Dia 70g,4.09
2024-09-07,Iogurte Integral Grego Tradicional Itambé 500 g,9.09
2024-09-07,Iogurte Integral Grego Morango Itambé 500 g,9.09
2024-09-07,Iogurte integral Vigor 3 Grãos Morango 100 g,4.59
2024-09-07,Iogurte Integral Fazenda Bela Vista com Mel 170g,2.99
2024-09-07,Iogurte Natural Desnatado Carrefour Classic 160g,2.59
2024-09-07,Iogurte Desnatado Zero Lactose Verde Campo Natural Whey Morango 250g,8.9
2024-09-07,Iogurte Zero Lactose Verde Campo Natural Whey Morango 500g,14.99
2024-09-07,Iogurte Desnatado Verde Campo Natural Whey Banana 250g,8.99
2024-09-07,Iogurte Desnatado Verde Campo Natural Whey Cookies e Cream 250g,8.99
2024-09-07,"Iogurte Laranja, Cenoura Mel Carrefour Classic 160g",2.59
2024-09-07,Iogurte Desnatado Verde Campo Natural Whey Baunilha 250g,8.99
2024-09-07,Iogurte Natural Açúcar e Mel Carrefour Classic 160g,2.59
2024-09-07,Iogurte de Morango VeryGurt Carolina Bandeja 510g,3.29
2024-09-07,Leite Condensado Linea 210g,28.99
2024-09-07,Leite Condensado Tirol 395 g,6.69
2024-09-07,Loção de Limpeza Leite de Colônia 200ml,10.49
